Year,Month,Total,ClimAdjust,Anom,Date,Color,DateStart,DateEnd
1950,1,24.56,26.18,-1.62,1950-01-01,0.09873949579831928,1950-01-01,1950-02-01
1950,2,25.07,26.39,-1.32,1950-02-01,0.1617647058823529,1950-02-01,1950-03-01
1950,3,25.88,26.95,-1.07,1950-03-01,0.21428571428571425,1950-03-01,1950-04-01
1950,4,26.29,27.39,-1.11,1950-04-01,0.20588235294117643,1950-04-01,1950-05-01
1950,5,26.19,27.56,-1.37,1950-05-01,0.15126050420168063,1950-05-01,1950-06-01
1950,6,26.47,27.21,-0.74,1950-06-01,0.28361344537815125,1950-06-01,1950-07-01
1950,7,26.28,26.72,-0.44,1950-07-01,0.34663865546218486,1950-07-01,1950-08-01
1950,8,25.88,26.3,-0.42,1950-08-01,0.35084033613445376,1950-08-01,1950-09-01
1950,9,25.73,26.14,-0.41,1950-09-01,0.3529411764705882,1950-09-01,1950-10-01
1950,10,25.68,26.01,-0.32,1950-10-01,0.3718487394957983,1950-10-01,1950-11-01
1950,11,25.46,26.06,-0.6,1950-11-01,0.31302521008403356,1950-11-01,1950-12-01
1950,12,25.29,26.18,-0.88,1950-12-01,0.2542016806722689,1950-12-01,1951-01-01
1951,1,25.26,26.18,-0.92,1951-01-01,0.24579831932773108,1951-01-01,1951-02-01
1951,2,25.72,26.39,-0.66,1951-02-01,0.3004201680672268,1951-02-01,1951-03-01
1951,3,26.91,26.95,-0.04,1951-03-01,0.430672268907563,1951-03-01,1951-04-01
1951,4,27.59,27.39,0.2,1951-04-01,0.48109243697478993,1951-04-01,1951-05-01
1951,5,27.93,27.56,0.37,1951-05-01,0.5168067226890757,1951-05-01,1951-06-01
1951,6,27.73,27.21,0.52,1951-06-01,0.5483193277310924,1951-06-01,1951-07-01
1951,7,27.59,26.72,0.87,1951-07-01,0.6218487394957983,1951-07-01,1951-08-01
1951,8,27.01,26.3,0.71,1951-08-01,0.5882352941176471,1951-08-01,1951-09-01
1951,9,27.22,26.14,1.08,1951-09-01,0.6659663865546218,1951-09-01,1951-10-01
1951,10,27.2,26.01,1.19,1951-10-01,0.6890756302521008,1951-10-01,1951-11-01
1951,11,27.25,26.06,1.19,1951-11-01,0.6890756302521008,1951-11-01,1951-12-01
1951,12,26.92,26.18,0.74,1951-12-01,0.5945378151260504,1951-12-01,1952-01-01
1952,1,26.67,26.18,0.49,1952-01-01,0.5420168067226891,1952-01-01,1952-02-01
1952,2,26.75,26.39,0.37,1952-02-01,0.5168067226890757,1952-02-01,1952-03-01
1952,3,27.19,26.95,0.24,1952-03-01,0.48949579831932777,1952-03-01,1952-04-01
1952,4,27.81,27.39,0.42,1952-04-01,0.5273109243697479,1952-04-01,1952-05-01
1952,5,27.79,27.56,0.23,1952-05-01,0.48739495798319327,1952-05-01,1952-06-01
1952,6,27.18,27.21,-0.03,1952-06-01,0.4327731092436975,1952-06-01,1952-07-01
1952,7,26.52,26.72,-0.2,1952-07-01,0.39705882352941174,1952-07-01,1952-08-01
1952,8,26.3,26.3,-0,1952-08-01,0.43907563025210083,1952-08-01,1952-09-01
1952,9,26.35,26.14,0.21,1952-09-01,0.4831932773109243,1952-09-01,1952-10-01
1952,10,26.25,26.01,0.25,1952-10-01,0.49159663865546216,1952-10-01,1952-11-01
1952,11,25.92,26.06,-0.14,1952-11-01,0.4096638655462184,1952-11-01,1952-12-01
1952,12,26.21,26.18,0.03,1952-12-01,0.4453781512605041,1952-12-01,1953-01-01
1953,1,26.74,26.18,0.56,1953-01-01,0.5567226890756303,1953-01-01,1953-02-01
1953,2,27,26.39,0.61,1953-02-01,0.5672268907563025,1953-02-01,1953-03-01
1953,3,27.57,26.95,0.62,1953-03-01,0.569327731092437,1953-03-01,1953-04-01
1953,4,28.03,27.39,0.64,1953-04-01,0.5735294117647058,1953-04-01,1953-05-01
1953,5,28.28,27.56,0.71,1953-05-01,0.5882352941176471,1953-05-01,1953-06-01
1953,6,28.12,27.21,0.9,1953-06-01,0.6281512605042017,1953-06-01,1953-07-01
1953,7,27.42,26.72,0.7,1953-07-01,0.5861344537815126,1953-07-01,1953-08-01
1953,8,26.93,26.3,0.63,1953-08-01,0.5714285714285714,1953-08-01,1953-09-01
1953,9,27,26.14,0.85,1953-09-01,0.6176470588235294,1953-09-01,1953-10-01
1953,10,26.87,26.01,0.86,1953-10-01,0.6197478991596638,1953-10-01,1953-11-01
1953,11,26.88,26.06,0.82,1953-11-01,0.611344537815126,1953-11-01,1953-12-01
1953,12,27.01,26.18,0.83,1953-12-01,0.6134453781512605,1953-12-01,1954-01-01
1954,1,26.98,26.18,0.8,1954-01-01,0.6071428571428571,1954-01-01,1954-02-01
1954,2,27.03,26.39,0.64,1954-02-01,0.5735294117647058,1954-02-01,1954-03-01
1954,3,26.91,26.95,-0.04,1954-03-01,0.430672268907563,1954-03-01,1954-04-01
1954,4,26.65,27.39,-0.74,1954-04-01,0.28361344537815125,1954-04-01,1954-05-01
1954,5,27.11,27.56,-0.45,1954-05-01,0.3445378151260504,1954-05-01,1954-06-01
1954,6,26.79,27.21,-0.42,1954-06-01,0.35084033613445376,1954-06-01,1954-07-01
1954,7,26.1,26.72,-0.62,1954-07-01,0.30882352941176466,1954-07-01,1954-08-01
1954,8,25.42,26.3,-0.88,1954-08-01,0.2542016806722689,1954-08-01,1954-09-01
1954,9,25.11,26.14,-1.03,1954-09-01,0.22268907563025206,1954-09-01,1954-10-01
1954,10,25.22,26.01,-0.78,1954-10-01,0.2752100840336134,1954-10-01,1954-11-01
1954,11,25.56,26.06,-0.5,1954-11-01,0.33403361344537813,1954-11-01,1954-12-01
1954,12,25.26,26.18,-0.91,1954-12-01,0.2478991596638655,1954-12-01,1955-01-01
1955,1,25.62,26.18,-0.56,1955-01-01,0.3214285714285714,1955-01-01,1955-02-01
1955,2,25.82,26.39,-0.57,1955-02-01,0.319327731092437,1955-02-01,1955-03-01
1955,3,26.23,26.95,-0.72,1955-03-01,0.28781512605042014,1955-03-01,1955-04-01
1955,4,26.61,27.39,-0.78,1955-04-01,0.2752100840336134,1955-04-01,1955-05-01
1955,5,26.65,27.56,-0.91,1955-05-01,0.2478991596638655,1955-05-01,1955-06-01
1955,6,26.54,27.21,-0.67,1955-06-01,0.29831932773109243,1955-06-01,1955-07-01
1955,7,26.14,26.72,-0.58,1955-07-01,0.3172268907563025,1955-07-01,1955-08-01
1955,8,25.5,26.3,-0.8,1955-08-01,0.2710084033613445,1955-08-01,1955-09-01
1955,9,25.28,26.14,-0.87,1955-09-01,0.25630252100840334,1955-09-01,1955-10-01
1955,10,24.41,26.01,-1.6,1955-10-01,0.10294117647058819,1955-10-01,1955-11-01
1955,11,24.25,26.06,-1.81,1955-11-01,0.05882352941176466,1955-11-01,1955-12-01
1955,12,24.57,26.18,-1.61,1955-12-01,0.10084033613445373,1955-12-01,1956-01-01
1956,1,25.34,26.33,-0.99,1956-01-01,0.2310924369747899,1956-01-01,1956-02-01
1956,2,25.77,26.51,-0.74,1956-02-01,0.28361344537815125,1956-02-01,1956-03-01
1956,3,26.47,27.01,-0.54,1956-03-01,0.3256302521008403,1956-03-01,1956-04-01
1956,4,26.86,27.46,-0.6,1956-04-01,0.31302521008403356,1956-04-01,1956-05-01
1956,5,27.13,27.59,-0.46,1956-05-01,0.34243697478991597,1956-05-01,1956-06-01
1956,6,26.81,27.29,-0.48,1956-06-01,0.338235294117647,1956-06-01,1956-07-01
1956,7,26.22,26.8,-0.58,1956-07-01,0.3172268907563025,1956-07-01,1956-08-01
1956,8,25.67,26.32,-0.65,1956-08-01,0.3025210084033613,1956-08-01,1956-09-01
1956,9,25.72,26.15,-0.43,1956-09-01,0.3487394957983193,1956-09-01,1956-10-01
1956,10,25.74,26.03,-0.29,1956-10-01,0.37815126050420167,1956-10-01,1956-11-01
1956,11,25.56,26.1,-0.54,1956-11-01,0.3256302521008403,1956-11-01,1956-12-01
1956,12,25.71,26.18,-0.47,1956-12-01,0.34033613445378147,1956-12-01,1957-01-01
1957,1,26.04,26.33,-0.29,1957-01-01,0.37815126050420167,1957-01-01,1957-02-01
1957,2,26.54,26.51,0.02,1957-02-01,0.4432773109243697,1957-02-01,1957-03-01
1957,3,27.46,27.01,0.45,1957-03-01,0.5336134453781513,1957-03-01,1957-04-01
1957,4,28.23,27.46,0.77,1957-04-01,0.6008403361344538,1957-04-01,1957-05-01
1957,5,28.54,27.59,0.94,1957-05-01,0.6365546218487395,1957-05-01,1957-06-01
1957,6,28.35,27.29,1.05,1957-06-01,0.6596638655462185,1957-06-01,1957-07-01
1957,7,28.15,26.8,1.34,1957-07-01,0.7205882352941176,1957-07-01,1957-08-01
1957,8,27.68,26.32,1.36,1957-08-01,0.7247899159663866,1957-08-01,1957-09-01
1957,9,27.42,26.15,1.27,1957-09-01,0.7058823529411764,1957-09-01,1957-10-01
1957,10,27.41,26.03,1.37,1957-10-01,0.726890756302521,1957-10-01,1957-11-01
1957,11,27.62,26.1,1.52,1957-11-01,0.7584033613445378,1957-11-01,1957-12-01
1957,12,27.89,26.18,1.71,1957-12-01,0.7983193277310924,1957-12-01,1958-01-01
1958,1,28.32,26.33,1.98,1958-01-01,0.8550420168067228,1958-01-01,1958-02-01
1958,2,28.24,26.51,1.72,1958-02-01,0.8004201680672268,1958-02-01,1958-03-01
1958,3,28.27,27.01,1.26,1958-03-01,0.703781512605042,1958-03-01,1958-04-01
1958,4,28.28,27.46,0.81,1958-04-01,0.6092436974789915,1958-04-01,1958-05-01
1958,5,28.3,27.59,0.71,1958-05-01,0.5882352941176471,1958-05-01,1958-06-01
1958,6,27.98,27.29,0.69,1958-06-01,0.5840336134453781,1958-06-01,1958-07-01
1958,7,27.31,26.8,0.51,1958-07-01,0.5462184873949579,1958-07-01,1958-08-01
1958,8,26.84,26.32,0.52,1958-08-01,0.5483193277310924,1958-08-01,1958-09-01
1958,9,26.4,26.15,0.25,1958-09-01,0.49159663865546216,1958-09-01,1958-10-01
1958,10,26.45,26.03,0.41,1958-10-01,0.5252100840336135,1958-10-01,1958-11-01
1958,11,26.75,26.1,0.65,1958-11-01,0.5756302521008403,1958-11-01,1958-12-01
1958,12,26.61,26.18,0.44,1958-12-01,0.5315126050420168,1958-12-01,1959-01-01
1959,1,27.07,26.33,0.74,1959-01-01,0.5945378151260504,1959-01-01,1959-02-01
1959,2,27.18,26.51,0.67,1959-02-01,0.5798319327731092,1959-02-01,1959-03-01
1959,3,27.47,27.01,0.46,1959-03-01,0.5357142857142857,1959-03-01,1959-04-01
1959,4,27.88,27.46,0.42,1959-04-01,0.5273109243697479,1959-04-01,1959-05-01
1959,5,27.69,27.59,0.1,1959-05-01,0.46008403361344535,1959-05-01,1959-06-01
1959,6,27.36,27.29,0.07,1959-06-01,0.45378151260504196,1959-06-01,1959-07-01
1959,7,26.43,26.8,-0.37,1959-07-01,0.361344537815126,1959-07-01,1959-08-01
1959,8,26.09,26.32,-0.24,1959-08-01,0.3886554621848739,1959-08-01,1959-09-01
1959,9,25.92,26.15,-0.23,1959-09-01,0.3907563025210084,1959-09-01,1959-10-01
1959,10,26.24,26.03,0.2,1959-10-01,0.48109243697478993,1959-10-01,1959-11-01
1959,11,26.04,26.1,-0.06,1959-11-01,0.4264705882352941,1959-11-01,1959-12-01
1959,12,26.18,26.18,0,1959-12-01,0.43907563025210083,1959-12-01,1960-01-01
1960,1,26.26,26.33,-0.07,1960-01-01,0.42436974789915966,1960-01-01,1960-02-01
1960,2,26.29,26.51,-0.22,1960-02-01,0.39285714285714285,1960-02-01,1960-03-01
1960,3,26.99,27.01,-0.02,1960-03-01,0.4348739495798319,1960-03-01,1960-04-01
1960,4,27.49,27.46,0.03,1960-04-01,0.4453781512605041,1960-04-01,1960-05-01
1960,5,27.68,27.59,0.08,1960-05-01,0.45588235294117646,1960-05-01,1960-06-01
1960,6,27.23,27.29,-0.06,1960-06-01,0.4264705882352941,1960-06-01,1960-07-01
1960,7,26.87,26.8,0.07,1960-07-01,0.45378151260504196,1960-07-01,1960-08-01
1960,8,26.69,26.32,0.36,1960-08-01,0.5147058823529411,1960-08-01,1960-09-01
1960,9,26.43,26.15,0.28,1960-09-01,0.49789915966386555,1960-09-01,1960-10-01
1960,10,26.21,26.03,0.18,1960-10-01,0.47689075630252103,1960-10-01,1960-11-01
1960,11,26.25,26.1,0.15,1960-11-01,0.4705882352941176,1960-11-01,1960-12-01
1960,12,26.22,26.18,0.04,1960-12-01,0.4474789915966386,1960-12-01,1961-01-01
1961,1,26.23,26.27,-0.04,1961-01-01,0.430672268907563,1961-01-01,1961-02-01
1961,2,26.56,26.45,0.1,1961-02-01,0.46008403361344535,1961-02-01,1961-03-01
1961,3,26.94,26.92,0.02,1961-03-01,0.4432773109243697,1961-03-01,1961-04-01
1961,4,27.37,27.37,-0,1961-04-01,0.43907563025210083,1961-04-01,1961-05-01
1961,5,27.75,27.49,0.26,1961-05-01,0.49369747899159655,1961-05-01,1961-06-01
1961,6,27.66,27.22,0.44,1961-06-01,0.5315126050420168,1961-06-01,1961-07-01
1961,7,26.87,26.76,0.11,1961-07-01,0.4621848739495798,1961-07-01,1961-08-01
1961,8,26.18,26.3,-0.12,1961-08-01,0.41386554621848737,1961-08-01,1961-09-01
1961,9,25.78,26.16,-0.38,1961-09-01,0.3592436974789916,1961-09-01,1961-10-01
1961,10,25.7,26.09,-0.38,1961-10-01,0.3592436974789916,1961-10-01,1961-11-01
1961,11,26.07,26.08,-0.01,1961-11-01,0.4369747899159664,1961-11-01,1961-12-01
1961,12,25.98,26.14,-0.16,1961-12-01,0.4054621848739496,1961-12-01,1962-01-01
1962,1,25.96,26.27,-0.3,1962-01-01,0.37605042016806717,1962-01-01,1962-02-01
1962,2,26.2,26.45,-0.26,1962-02-01,0.384453781512605,1962-02-01,1962-03-01
1962,3,26.81,26.92,-0.11,1962-03-01,0.4159663865546218,1962-03-01,1962-04-01
1962,4,27.13,27.37,-0.24,1962-04-01,0.3886554621848739,1962-04-01,1962-05-01
1962,5,27.05,27.49,-0.44,1962-05-01,0.34663865546218486,1962-05-01,1962-06-01
1962,6,27.08,27.22,-0.14,1962-06-01,0.4096638655462184,1962-06-01,1962-07-01
1962,7,26.75,26.76,-0,1962-07-01,0.43907563025210083,1962-07-01,1962-08-01
1962,8,26.32,26.3,0.02,1962-08-01,0.4432773109243697,1962-08-01,1962-09-01
1962,9,25.93,26.16,-0.23,1962-09-01,0.3907563025210084,1962-09-01,1962-10-01
1962,10,25.96,26.09,-0.12,1962-10-01,0.41386554621848737,1962-10-01,1962-11-01
1962,11,25.75,26.08,-0.32,1962-11-01,0.3718487394957983,1962-11-01,1962-12-01
1962,12,25.67,26.14,-0.47,1962-12-01,0.34033613445378147,1962-12-01,1963-01-01
1963,1,25.77,26.27,-0.5,1963-01-01,0.33403361344537813,1963-01-01,1963-02-01
1963,2,26.23,26.45,-0.23,1963-02-01,0.3907563025210084,1963-02-01,1963-03-01
1963,3,27.18,26.92,0.26,1963-03-01,0.49369747899159655,1963-03-01,1963-04-01
1963,4,27.79,27.37,0.41,1963-04-01,0.5252100840336135,1963-04-01,1963-05-01
1963,5,27.63,27.49,0.14,1963-05-01,0.4684873949579832,1963-05-01,1963-06-01
1963,6,27.61,27.22,0.39,1963-06-01,0.5210084033613446,1963-06-01,1963-07-01
1963,7,27.77,26.76,1.02,1963-07-01,0.6533613445378151,1963-07-01,1963-08-01
1963,8,27.47,26.3,1.17,1963-08-01,0.6848739495798319,1963-08-01,1963-09-01
1963,9,27.39,26.16,1.23,1963-09-01,0.6974789915966386,1963-09-01,1963-10-01
1963,10,27.35,26.09,1.26,1963-10-01,0.703781512605042,1963-10-01,1963-11-01
1963,11,27.46,26.08,1.39,1963-11-01,0.7310924369747899,1963-11-01,1963-12-01
1963,12,27.61,26.14,1.47,1963-12-01,0.7478991596638654,1963-12-01,1964-01-01
1964,1,27.33,26.27,1.06,1964-01-01,0.6617647058823529,1964-01-01,1964-02-01
1964,2,27.13,26.45,0.68,1964-02-01,0.5819327731092437,1964-02-01,1964-03-01
1964,3,27.02,26.92,0.1,1964-03-01,0.46008403361344535,1964-03-01,1964-04-01
1964,4,26.95,27.37,-0.42,1964-04-01,0.35084033613445376,1964-04-01,1964-05-01
1964,5,26.82,27.49,-0.67,1964-05-01,0.29831932773109243,1964-05-01,1964-06-01
1964,6,26.58,27.22,-0.64,1964-06-01,0.30462184873949577,1964-06-01,1964-07-01
1964,7,26.33,26.76,-0.43,1964-07-01,0.3487394957983193,1964-07-01,1964-08-01
1964,8,25.59,26.3,-0.72,1964-08-01,0.28781512605042014,1964-08-01,1964-09-01
1964,9,25.32,26.16,-0.84,1964-09-01,0.26260504201680673,1964-09-01,1964-10-01
1964,10,25.36,26.09,-0.73,1964-10-01,0.2857142857142857,1964-10-01,1964-11-01
1964,11,25.26,26.08,-0.82,1964-11-01,0.2668067226890756,1964-11-01,1964-12-01
1964,12,25.22,26.14,-0.92,1964-12-01,0.24579831932773108,1964-12-01,1965-01-01
1965,1,25.66,26.27,-0.61,1965-01-01,0.31092436974789917,1965-01-01,1965-02-01
1965,2,26.2,26.45,-0.25,1965-02-01,0.38655462184873945,1965-02-01,1965-03-01
1965,3,26.95,26.92,0.03,1965-03-01,0.4453781512605041,1965-03-01,1965-04-01
1965,4,27.38,27.37,0.01,1965-04-01,0.4411764705882352,1965-04-01,1965-05-01
1965,5,27.99,27.49,0.5,1965-05-01,0.5441176470588235,1965-05-01,1965-06-01
1965,6,28.08,27.22,0.86,1965-06-01,0.6197478991596638,1965-06-01,1965-07-01
1965,7,27.89,26.76,1.14,1965-07-01,0.6785714285714285,1965-07-01,1965-08-01
1965,8,27.96,26.3,1.66,1965-08-01,0.7878151260504201,1965-08-01,1965-09-01
1965,9,28,26.16,1.84,1965-09-01,0.8256302521008403,1965-09-01,1965-10-01
1965,10,28.15,26.09,2.06,1965-10-01,0.8718487394957984,1965-10-01,1965-11-01
1965,11,28.11,26.08,2.03,1965-11-01,0.8655462184873948,1965-11-01,1965-12-01
1965,12,27.95,26.14,1.81,1965-12-01,0.819327731092437,1965-12-01,1966-01-01
1966,1,27.66,26.36,1.31,1966-01-01,0.7142857142857143,1966-01-01,1966-02-01
1966,2,27.55,26.56,1,1966-02-01,0.6491596638655462,1966-02-01,1966-03-01
1966,3,28.21,27.02,1.19,1966-03-01,0.6890756302521008,1966-03-01,1966-04-01
1966,4,28.16,27.4,0.76,1966-04-01,0.5987394957983193,1966-04-01,1966-05-01
1966,5,27.55,27.53,0.02,1966-05-01,0.4432773109243697,1966-05-01,1966-06-01
1966,6,27.63,27.35,0.29,1966-06-01,0.5,1966-06-01,1966-07-01
1966,7,27.32,26.9,0.42,1966-07-01,0.5273109243697479,1966-07-01,1966-08-01
1966,8,26.48,26.46,0.02,1966-08-01,0.4432773109243697,1966-08-01,1966-09-01
1966,9,26.27,26.34,-0.07,1966-09-01,0.42436974789915966,1966-09-01,1966-10-01
1966,10,26.22,26.33,-0.11,1966-10-01,0.4159663865546218,1966-10-01,1966-11-01
1966,11,26.23,26.35,-0.12,1966-11-01,0.41386554621848737,1966-11-01,1966-12-01
1966,12,26.02,26.33,-0.31,1966-12-01,0.3739495798319327,1966-12-01,1967-01-01
1967,1,25.88,26.36,-0.48,1967-01-01,0.338235294117647,1967-01-01,1967-02-01
1967,2,26.12,26.56,-0.44,1967-02-01,0.34663865546218486,1967-02-01,1967-03-01
1967,3,26.51,27.02,-0.51,1967-03-01,0.3319327731092437,1967-03-01,1967-04-01
1967,4,26.75,27.4,-0.66,1967-04-01,0.3004201680672268,1967-04-01,1967-05-01
1967,5,27.35,27.53,-0.18,1967-05-01,0.40126050420168063,1967-05-01,1967-06-01
1967,6,27.46,27.35,0.12,1967-06-01,0.4642857142857143,1967-06-01,1967-07-01
1967,7,26.96,26.9,0.06,1967-07-01,0.45168067226890757,1967-07-01,1967-08-01
1967,8,26.43,26.46,-0.03,1967-08-01,0.4327731092436975,1967-08-01,1967-09-01
1967,9,25.85,26.34,-0.49,1967-09-01,0.3361344537815126,1967-09-01,1967-10-01
1967,10,25.96,26.33,-0.36,1967-10-01,0.3634453781512605,1967-10-01,1967-11-01
1967,11,26.07,26.35,-0.28,1967-11-01,0.3802521008403361,1967-11-01,1967-12-01
1967,12,25.95,26.33,-0.38,1967-12-01,0.3592436974789916,1967-12-01,1968-01-01
1968,1,25.69,26.36,-0.66,1968-01-01,0.3004201680672268,1968-01-01,1968-02-01
1968,2,25.69,26.56,-0.86,1968-02-01,0.25840336134453784,1968-02-01,1968-03-01
1968,3,26.34,27.02,-0.68,1968-03-01,0.29621848739495793,1968-03-01,1968-04-01
1968,4,27.1,27.4,-0.3,1968-04-01,0.37605042016806717,1968-04-01,1968-05-01
1968,5,27.19,27.53,-0.34,1968-05-01,0.3676470588235294,1968-05-01,1968-06-01
1968,6,27.87,27.35,0.52,1968-06-01,0.5483193277310924,1968-06-01,1968-07-01
1968,7,27.57,26.9,0.66,1968-07-01,0.5777310924369748,1968-07-01,1968-08-01
1968,8,27,26.46,0.54,1968-08-01,0.5525210084033614,1968-08-01,1968-09-01
1968,9,26.72,26.34,0.38,1968-09-01,0.51890756302521,1968-09-01,1968-10-01
1968,10,26.75,26.33,0.42,1968-10-01,0.5273109243697479,1968-10-01,1968-11-01
1968,11,27.2,26.35,0.85,1968-11-01,0.6176470588235294,1968-11-01,1968-12-01
1968,12,27.27,26.33,0.94,1968-12-01,0.6365546218487395,1968-12-01,1969-01-01
1969,1,27.5,26.36,1.14,1969-01-01,0.6785714285714285,1969-01-01,1969-02-01
1969,2,27.86,26.56,1.31,1969-02-01,0.7142857142857143,1969-02-01,1969-03-01
1969,3,27.83,27.02,0.81,1969-03-01,0.6092436974789915,1969-03-01,1969-04-01
1969,4,28.14,27.4,0.73,1969-04-01,0.592436974789916,1969-04-01,1969-05-01
1969,5,28.29,27.53,0.76,1969-05-01,0.5987394957983193,1969-05-01,1969-06-01
1969,6,27.69,27.35,0.35,1969-06-01,0.5126050420168067,1969-06-01,1969-07-01
1969,7,27.08,26.9,0.18,1969-07-01,0.47689075630252103,1969-07-01,1969-08-01
1969,8,27.02,26.46,0.56,1969-08-01,0.5567226890756303,1969-08-01,1969-09-01
1969,9,27.15,26.34,0.81,1969-09-01,0.6092436974789915,1969-09-01,1969-10-01
1969,10,27.34,26.33,1.01,1969-10-01,0.6512605042016806,1969-10-01,1969-11-01
1969,11,27.11,26.35,0.76,1969-11-01,0.5987394957983193,1969-11-01,1969-12-01
1969,12,26.98,26.33,0.66,1969-12-01,0.5777310924369748,1969-12-01,1970-01-01
1970,1,26.84,26.36,0.48,1970-01-01,0.5399159663865546,1970-01-01,1970-02-01
1970,2,26.96,26.56,0.41,1970-02-01,0.5252100840336135,1970-02-01,1970-03-01
1970,3,27.15,27.02,0.13,1970-03-01,0.4663865546218487,1970-03-01,1970-04-01
1970,4,27.75,27.4,0.34,1970-04-01,0.5105042016806722,1970-04-01,1970-05-01
1970,5,27.63,27.53,0.1,1970-05-01,0.46008403361344535,1970-05-01,1970-06-01
1970,6,27.03,27.35,-0.31,1970-06-01,0.3739495798319327,1970-06-01,1970-07-01
1970,7,26.21,26.9,-0.7,1970-07-01,0.29201680672268904,1970-07-01,1970-08-01
1970,8,25.59,26.46,-0.87,1970-08-01,0.25630252100840334,1970-08-01,1970-09-01
1970,9,25.64,26.34,-0.7,1970-09-01,0.29201680672268904,1970-09-01,1970-10-01
1970,10,25.59,26.33,-0.73,1970-10-01,0.2857142857142857,1970-10-01,1970-11-01
1970,11,25.57,26.35,-0.78,1970-11-01,0.2752100840336134,1970-11-01,1970-12-01
1970,12,25.27,26.33,-1.06,1970-12-01,0.2163865546218487,1970-12-01,1971-01-01
1971,1,24.82,26.42,-1.6,1971-01-01,0.10294117647058819,1971-01-01,1971-02-01
1971,2,25.2,26.61,-1.42,1971-02-01,0.1407563025210084,1971-02-01,1971-03-01
1971,3,25.93,27.06,-1.13,1971-03-01,0.20168067226890757,1971-03-01,1971-04-01
1971,4,26.64,27.44,-0.8,1971-04-01,0.2710084033613445,1971-04-01,1971-05-01
1971,5,26.95,27.56,-0.61,1971-05-01,0.31092436974789917,1971-05-01,1971-06-01
1971,6,26.6,27.38,-0.78,1971-06-01,0.2752100840336134,1971-06-01,1971-07-01
1971,7,26.12,26.94,-0.82,1971-07-01,0.2668067226890756,1971-07-01,1971-08-01
1971,8,25.74,26.54,-0.79,1971-08-01,0.27310924369747897,1971-08-01,1971-09-01
1971,9,25.71,26.42,-0.71,1971-09-01,0.2899159663865546,1971-09-01,1971-10-01
1971,10,25.47,26.43,-0.96,1971-10-01,0.23739495798319327,1971-10-01,1971-11-01
1971,11,25.55,26.43,-0.88,1971-11-01,0.2542016806722689,1971-11-01,1971-12-01
1971,12,25.37,26.4,-1.03,1971-12-01,0.22268907563025206,1971-12-01,1972-01-01
1972,1,25.63,26.42,-0.78,1972-01-01,0.2752100840336134,1972-01-01,1972-02-01
1972,2,26.31,26.61,-0.3,1972-02-01,0.37605042016806717,1972-02-01,1972-03-01
1972,3,27.09,27.06,0.03,1972-03-01,0.4453781512605041,1972-03-01,1972-04-01
1972,4,27.9,27.44,0.45,1972-04-01,0.5336134453781513,1972-04-01,1972-05-01
1972,5,28.31,27.56,0.75,1972-05-01,0.5966386554621849,1972-05-01,1972-06-01
1972,6,28.18,27.38,0.8,1972-06-01,0.6071428571428571,1972-06-01,1972-07-01
1972,7,28.14,26.94,1.2,1972-07-01,0.6911764705882353,1972-07-01,1972-08-01
1972,8,27.94,26.54,1.4,1972-08-01,0.7331932773109243,1972-08-01,1972-09-01
1972,9,27.94,26.42,1.52,1972-09-01,0.7584033613445378,1972-09-01,1972-10-01
1972,10,28.25,26.43,1.83,1972-10-01,0.8235294117647058,1972-10-01,1972-11-01
1972,11,28.6,26.43,2.17,1972-11-01,0.8949579831932772,1972-11-01,1972-12-01
1972,12,28.68,26.4,2.28,1972-12-01,0.9180672268907561,1972-12-01,1973-01-01
1973,1,28.33,26.42,1.92,1973-01-01,0.842436974789916,1973-01-01,1973-02-01
1973,2,27.95,26.61,1.34,1973-02-01,0.7205882352941176,1973-02-01,1973-03-01
1973,3,27.56,27.06,0.49,1973-03-01,0.5420168067226891,1973-03-01,1973-04-01
1973,4,27.25,27.44,-0.19,1973-04-01,0.3991596638655462,1973-04-01,1973-05-01
1973,5,26.97,27.56,-0.59,1973-05-01,0.31512605042016806,1973-05-01,1973-06-01
1973,6,26.55,27.38,-0.83,1973-06-01,0.2647058823529411,1973-06-01,1973-07-01
1973,7,25.76,26.94,-1.18,1973-07-01,0.19117647058823528,1973-07-01,1973-08-01
1973,8,25.23,26.54,-1.31,1973-08-01,0.16386554621848737,1973-08-01,1973-09-01
1973,9,25.06,26.42,-1.36,1973-09-01,0.15336134453781508,1973-09-01,1973-10-01
1973,10,24.74,26.43,-1.69,1973-10-01,0.08403361344537813,1973-10-01,1973-11-01
1973,11,24.34,26.43,-2.09,1973-11-01,0,1973-11-01,1973-12-01
1973,12,24.34,26.4,-2.06,1973-12-01,0.006302521008403321,1973-12-01,1974-01-01
1974,1,24.47,26.42,-1.95,1974-01-01,0.02941176470588233,1974-01-01,1974-02-01
1974,2,25.11,26.61,-1.5,1974-02-01,0.12394957983193275,1974-02-01,1974-03-01
1974,3,25.86,27.06,-1.21,1974-03-01,0.18487394957983191,1974-03-01,1974-04-01
1974,4,26.48,27.44,-0.97,1974-04-01,0.2352941176470588,1974-04-01,1974-05-01
1974,5,26.65,27.56,-0.91,1974-05-01,0.2478991596638655,1974-05-01,1974-06-01
1974,6,26.53,27.38,-0.85,1974-06-01,0.26050420168067223,1974-06-01,1974-07-01
1974,7,26.39,26.94,-0.55,1974-07-01,0.32352941176470584,1974-07-01,1974-08-01
1974,8,26.33,26.54,-0.21,1974-08-01,0.3949579831932773,1974-08-01,1974-09-01
1974,9,26.07,26.42,-0.35,1974-09-01,0.36554621848739494,1974-09-01,1974-10-01
1974,10,25.77,26.43,-0.66,1974-10-01,0.3004201680672268,1974-10-01,1974-11-01
1974,11,25.61,26.43,-0.82,1974-11-01,0.2668067226890756,1974-11-01,1974-12-01
1974,12,25.63,26.4,-0.78,1974-12-01,0.2752100840336134,1974-12-01,1975-01-01
1975,1,26.1,26.42,-0.32,1975-01-01,0.3718487394957983,1975-01-01,1975-02-01
1975,2,26.08,26.61,-0.53,1975-02-01,0.32773109243697474,1975-02-01,1975-03-01
1975,3,26.21,27.06,-0.86,1975-03-01,0.25840336134453784,1975-03-01,1975-04-01
1975,4,26.87,27.44,-0.58,1975-04-01,0.3172268907563025,1975-04-01,1975-05-01
1975,5,26.8,27.56,-0.76,1975-05-01,0.2794117647058823,1975-05-01,1975-06-01
1975,6,26.23,27.38,-1.15,1975-06-01,0.19747899159663865,1975-06-01,1975-07-01
1975,7,25.9,26.94,-1.04,1975-07-01,0.2205882352941176,1975-07-01,1975-08-01
1975,8,25.34,26.54,-1.2,1975-08-01,0.18697478991596636,1975-08-01,1975-09-01
1975,9,25.05,26.42,-1.37,1975-09-01,0.15126050420168063,1975-09-01,1975-10-01
1975,10,24.89,26.43,-1.54,1975-10-01,0.11554621848739492,1975-10-01,1975-11-01
1975,11,25.05,26.43,-1.38,1975-11-01,0.14915966386554622,1975-11-01,1975-12-01
1975,12,24.67,26.4,-1.73,1975-12-01,0.07563025210084032,1975-12-01,1976-01-01
1976,1,24.54,26.39,-1.84,1976-01-01,0.0525210084033613,1976-01-01,1976-02-01
1976,2,25.49,26.59,-1.09,1976-02-01,0.21008403361344533,1976-02-01,1976-03-01
1976,3,26.46,27.04,-0.58,1976-03-01,0.3172268907563025,1976-03-01,1976-04-01
1976,4,26.89,27.42,-0.53,1976-04-01,0.32773109243697474,1976-04-01,1976-05-01
1976,5,27.2,27.51,-0.31,1976-05-01,0.3739495798319327,1976-05-01,1976-06-01
1976,6,27.35,27.35,-0,1976-06-01,0.43907563025210083,1976-06-01,1976-07-01
1976,7,27.12,26.95,0.17,1976-07-01,0.47478991596638653,1976-07-01,1976-08-01
1976,8,26.98,26.59,0.38,1976-08-01,0.51890756302521,1976-08-01,1976-09-01
1976,9,27.02,26.51,0.5,1976-09-01,0.5441176470588235,1976-09-01,1976-10-01
1976,10,27.46,26.48,0.98,1976-10-01,0.6449579831932772,1976-10-01,1976-11-01
1976,11,27.41,26.46,0.95,1976-11-01,0.638655462184874,1976-11-01,1976-12-01
1976,12,27.08,26.43,0.66,1976-12-01,0.5777310924369748,1976-12-01,1977-01-01
1977,1,27.32,26.39,0.93,1977-01-01,0.634453781512605,1977-01-01,1977-02-01
1977,2,27.13,26.59,0.55,1977-02-01,0.5546218487394957,1977-02-01,1977-03-01
1977,3,27.48,27.04,0.44,1977-03-01,0.5315126050420168,1977-03-01,1977-04-01
1977,4,27.45,27.42,0.03,1977-04-01,0.4453781512605041,1977-04-01,1977-05-01
1977,5,27.72,27.51,0.22,1977-05-01,0.4852941176470588,1977-05-01,1977-06-01
1977,6,27.74,27.35,0.39,1977-06-01,0.5210084033613446,1977-06-01,1977-07-01
1977,7,27.38,26.95,0.42,1977-07-01,0.5273109243697479,1977-07-01,1977-08-01
1977,8,26.84,26.59,0.25,1977-08-01,0.49159663865546216,1977-08-01,1977-09-01
1977,9,27.11,26.51,0.6,1977-09-01,0.5651260504201681,1977-09-01,1977-10-01
1977,10,27.34,26.48,0.86,1977-10-01,0.6197478991596638,1977-10-01,1977-11-01
1977,11,27.18,26.46,0.72,1977-11-01,0.5903361344537814,1977-11-01,1977-12-01
1977,12,27.29,26.43,0.86,1977-12-01,0.6197478991596638,1977-12-01,1978-01-01
1978,1,27.17,26.39,0.78,1978-01-01,0.6029411764705883,1978-01-01,1978-02-01
1978,2,27.01,26.59,0.42,1978-02-01,0.5273109243697479,1978-02-01,1978-03-01
1978,3,27.1,27.04,0.06,1978-03-01,0.45168067226890757,1978-03-01,1978-04-01
1978,4,27.12,27.42,-0.3,1978-04-01,0.37605042016806717,1978-04-01,1978-05-01
1978,5,27.2,27.51,-0.31,1978-05-01,0.3739495798319327,1978-05-01,1978-06-01
1978,6,27.02,27.35,-0.33,1978-06-01,0.36974789915966383,1978-06-01,1978-07-01
1978,7,26.74,26.95,-0.22,1978-07-01,0.39285714285714285,1978-07-01,1978-08-01
1978,8,26.07,26.59,-0.53,1978-08-01,0.32773109243697474,1978-08-01,1978-09-01
1978,9,26.01,26.51,-0.5,1978-09-01,0.33403361344537813,1978-09-01,1978-10-01
1978,10,26.25,26.48,-0.23,1978-10-01,0.3907563025210084,1978-10-01,1978-11-01
1978,11,26.32,26.46,-0.14,1978-11-01,0.4096638655462184,1978-11-01,1978-12-01
1978,12,26.54,26.43,0.11,1978-12-01,0.4621848739495798,1978-12-01,1979-01-01
1979,1,26.42,26.39,0.03,1979-01-01,0.4453781512605041,1979-01-01,1979-02-01
1979,2,26.54,26.59,-0.04,1979-02-01,0.430672268907563,1979-02-01,1979-03-01
1979,3,27.28,27.04,0.23,1979-03-01,0.48739495798319327,1979-03-01,1979-04-01
1979,4,27.84,27.42,0.42,1979-04-01,0.5273109243697479,1979-04-01,1979-05-01
1979,5,27.69,27.51,0.19,1979-05-01,0.4789915966386554,1979-05-01,1979-06-01
1979,6,27.43,27.35,0.08,1979-06-01,0.45588235294117646,1979-06-01,1979-07-01
1979,7,26.82,26.95,-0.13,1979-07-01,0.4117647058823529,1979-07-01,1979-08-01
1979,8,26.75,26.59,0.16,1979-08-01,0.4726890756302521,1979-08-01,1979-09-01
1979,9,26.99,26.51,0.48,1979-09-01,0.5399159663865546,1979-09-01,1979-10-01
1979,10,26.83,26.48,0.35,1979-10-01,0.5126050420168067,1979-10-01,1979-11-01
1979,11,26.99,26.46,0.53,1979-11-01,0.5504201680672269,1979-11-01,1979-12-01
1979,12,27.11,26.43,0.69,1979-12-01,0.5840336134453781,1979-12-01,1980-01-01
1980,1,27.09,26.39,0.7,1980-01-01,0.5861344537815126,1980-01-01,1980-02-01
1980,2,26.98,26.59,0.39,1980-02-01,0.5210084033613446,1980-02-01,1980-03-01
1980,3,27.32,27.04,0.28,1980-03-01,0.49789915966386555,1980-03-01,1980-04-01
1980,4,27.76,27.42,0.34,1980-04-01,0.5105042016806722,1980-04-01,1980-05-01
1980,5,28.02,27.51,0.51,1980-05-01,0.5462184873949579,1980-05-01,1980-06-01
1980,6,27.94,27.35,0.59,1980-06-01,0.5630252100840336,1980-06-01,1980-07-01
1980,7,27.23,26.95,0.28,1980-07-01,0.49789915966386555,1980-07-01,1980-08-01
1980,8,26.48,26.59,-0.11,1980-08-01,0.4159663865546218,1980-08-01,1980-09-01
1980,9,26.44,26.51,-0.07,1980-09-01,0.42436974789915966,1980-09-01,1980-10-01
1980,10,26.46,26.48,-0.02,1980-10-01,0.4348739495798319,1980-10-01,1980-11-01
1980,11,26.6,26.46,0.14,1980-11-01,0.4684873949579832,1980-11-01,1980-12-01
1980,12,26.65,26.43,0.22,1980-12-01,0.4852941176470588,1980-12-01,1981-01-01
1981,1,26.19,26.57,-0.38,1981-01-01,0.3592436974789916,1981-01-01,1981-02-01
1981,2,26.12,26.75,-0.62,1981-02-01,0.30882352941176466,1981-02-01,1981-03-01
1981,3,26.66,27.17,-0.51,1981-03-01,0.3319327731092437,1981-03-01,1981-04-01
1981,4,27.3,27.59,-0.29,1981-04-01,0.37815126050420167,1981-04-01,1981-05-01
1981,5,27.36,27.66,-0.3,1981-05-01,0.37605042016806717,1981-05-01,1981-06-01
1981,6,27.27,27.46,-0.19,1981-06-01,0.3991596638655462,1981-06-01,1981-07-01
1981,7,26.65,27.02,-0.37,1981-07-01,0.361344537815126,1981-07-01,1981-08-01
1981,8,26.32,26.64,-0.32,1981-08-01,0.3718487394957983,1981-08-01,1981-09-01
1981,9,26.52,26.56,-0.04,1981-09-01,0.430672268907563,1981-09-01,1981-10-01
1981,10,26.42,26.53,-0.11,1981-10-01,0.4159663865546218,1981-10-01,1981-11-01
1981,11,26.29,26.52,-0.23,1981-11-01,0.3907563025210084,1981-11-01,1981-12-01
1981,12,26.4,26.51,-0.11,1981-12-01,0.4159663865546218,1981-12-01,1982-01-01
1982,1,26.68,26.57,0.11,1982-01-01,0.4621848739495798,1982-01-01,1982-02-01
1982,2,26.6,26.75,-0.15,1982-02-01,0.40756302521008403,1982-02-01,1982-03-01
1982,3,27.42,27.17,0.25,1982-03-01,0.49159663865546216,1982-03-01,1982-04-01
1982,4,28.03,27.59,0.45,1982-04-01,0.5336134453781513,1982-04-01,1982-05-01
1982,5,28.39,27.66,0.72,1982-05-01,0.5903361344537814,1982-05-01,1982-06-01
1982,6,28.26,27.46,0.8,1982-06-01,0.6071428571428571,1982-06-01,1982-07-01
1982,7,27.66,27.02,0.64,1982-07-01,0.5735294117647058,1982-07-01,1982-08-01
1982,8,27.58,26.64,0.93,1982-08-01,0.634453781512605,1982-08-01,1982-09-01
1982,9,28.2,26.56,1.64,1982-09-01,0.7836134453781511,1982-09-01,1982-10-01
1982,10,28.69,26.53,2.16,1982-10-01,0.8928571428571429,1982-10-01,1982-11-01
1982,11,28.61,26.52,2.09,1982-11-01,0.8781512605042017,1982-11-01,1982-12-01
1982,12,28.79,26.51,2.28,1982-12-01,0.9180672268907561,1982-12-01,1983-01-01
1983,1,28.88,26.57,2.32,1983-01-01,0.9264705882352942,1983-01-01,1983-02-01
1983,2,28.69,26.75,1.94,1983-02-01,0.8466386554621848,1983-02-01,1983-03-01
1983,3,28.67,27.17,1.49,1983-03-01,0.7521008403361344,1983-03-01,1983-04-01
1983,4,28.77,27.59,1.19,1983-04-01,0.6890756302521008,1983-04-01,1983-05-01
1983,5,28.84,27.66,1.18,1983-05-01,0.6869747899159663,1983-05-01,1983-06-01
1983,6,28.28,27.46,0.82,1983-06-01,0.611344537815126,1983-06-01,1983-07-01
1983,7,27.19,27.02,0.17,1983-07-01,0.47478991596638653,1983-07-01,1983-08-01
1983,8,26.6,26.64,-0.04,1983-08-01,0.430672268907563,1983-08-01,1983-09-01
1983,9,26.2,26.56,-0.36,1983-09-01,0.3634453781512605,1983-09-01,1983-10-01
1983,10,25.57,26.53,-0.96,1983-10-01,0.23739495798319327,1983-10-01,1983-11-01
1983,11,25.42,26.52,-1.1,1983-11-01,0.20798319327731088,1983-11-01,1983-12-01
1983,12,25.58,26.51,-0.94,1983-12-01,0.24159663865546216,1983-12-01,1984-01-01
1984,1,25.88,26.57,-0.69,1984-01-01,0.29411764705882354,1984-01-01,1984-02-01
1984,2,26.57,26.75,-0.18,1984-02-01,0.40126050420168063,1984-02-01,1984-03-01
1984,3,26.78,27.17,-0.39,1984-03-01,0.3571428571428571,1984-03-01,1984-04-01
1984,4,27.15,27.59,-0.44,1984-04-01,0.34663865546218486,1984-04-01,1984-05-01
1984,5,27.2,27.66,-0.46,1984-05-01,0.34243697478991597,1984-05-01,1984-06-01
1984,6,26.83,27.46,-0.63,1984-06-01,0.3067226890756303,1984-06-01,1984-07-01
1984,7,26.78,27.02,-0.24,1984-07-01,0.3886554621848739,1984-07-01,1984-08-01
1984,8,26.6,26.64,-0.04,1984-08-01,0.430672268907563,1984-08-01,1984-09-01
1984,9,26.38,26.56,-0.19,1984-09-01,0.3991596638655462,1984-09-01,1984-10-01
1984,10,26.04,26.53,-0.49,1984-10-01,0.3361344537815126,1984-10-01,1984-11-01
1984,11,25.52,26.52,-1,1984-11-01,0.22899159663865543,1984-11-01,1984-12-01
1984,12,25.26,26.51,-1.25,1984-12-01,0.1764705882352941,1984-12-01,1985-01-01
1985,1,25.39,26.57,-1.17,1985-01-01,0.19327731092436973,1985-01-01,1985-02-01
1985,2,26.04,26.75,-0.71,1985-02-01,0.2899159663865546,1985-02-01,1985-03-01
1985,3,26.5,27.17,-0.67,1985-03-01,0.29831932773109243,1985-03-01,1985-04-01
1985,4,26.65,27.59,-0.93,1985-04-01,0.24369747899159658,1985-04-01,1985-05-01
1985,5,26.91,27.66,-0.75,1985-05-01,0.2815126050420168,1985-05-01,1985-06-01
1985,6,26.81,27.46,-0.65,1985-06-01,0.3025210084033613,1985-06-01,1985-07-01
1985,7,26.55,27.02,-0.47,1985-07-01,0.34033613445378147,1985-07-01,1985-08-01
1985,8,26.29,26.64,-0.35,1985-08-01,0.36554621848739494,1985-08-01,1985-09-01
1985,9,26.02,26.56,-0.55,1985-09-01,0.32352941176470584,1985-09-01,1985-10-01
1985,10,26.23,26.53,-0.3,1985-10-01,0.37605042016806717,1985-10-01,1985-11-01
1985,11,26.33,26.52,-0.2,1985-11-01,0.39705882352941174,1985-11-01,1985-12-01
1985,12,26.19,26.51,-0.32,1985-12-01,0.3718487394957983,1985-12-01,1986-01-01
1986,1,25.89,26.46,-0.56,1986-01-01,0.3214285714285714,1986-01-01,1986-02-01
1986,2,26.06,26.66,-0.6,1986-02-01,0.31302521008403356,1986-02-01,1986-03-01
1986,3,26.88,27.14,-0.26,1986-03-01,0.384453781512605,1986-03-01,1986-04-01
1986,4,27.49,27.58,-0.08,1986-04-01,0.42226890756302515,1986-04-01,1986-05-01
1986,5,27.41,27.68,-0.27,1986-05-01,0.38235294117647056,1986-05-01,1986-06-01
1986,6,27.42,27.43,-0.01,1986-06-01,0.4369747899159664,1986-06-01,1986-07-01
1986,7,27.18,27.01,0.17,1986-07-01,0.47478991596638653,1986-07-01,1986-08-01
1986,8,27.17,26.66,0.51,1986-08-01,0.5462184873949579,1986-08-01,1986-09-01
1986,9,27.24,26.59,0.65,1986-09-01,0.5756302521008403,1986-09-01,1986-10-01
1986,10,27.51,26.54,0.98,1986-10-01,0.6449579831932772,1986-10-01,1986-11-01
1986,11,27.7,26.5,1.2,1986-11-01,0.6911764705882353,1986-11-01,1986-12-01
1986,12,27.71,26.47,1.24,1986-12-01,0.6995798319327732,1986-12-01,1987-01-01
1987,1,27.68,26.46,1.22,1987-01-01,0.6953781512605042,1987-01-01,1987-02-01
1987,2,27.89,26.66,1.23,1987-02-01,0.6974789915966386,1987-02-01,1987-03-01
1987,3,28.27,27.14,1.13,1987-03-01,0.676470588235294,1987-03-01,1987-04-01
1987,4,28.4,27.58,0.82,1987-04-01,0.611344537815126,1987-04-01,1987-05-01
1987,5,28.56,27.68,0.88,1987-05-01,0.6239495798319328,1987-05-01,1987-06-01
1987,6,28.64,27.43,1.21,1987-06-01,0.6932773109243697,1987-06-01,1987-07-01
1987,7,28.58,27.01,1.57,1987-07-01,0.7689075630252101,1987-07-01,1987-08-01
1987,8,28.41,26.66,1.76,1987-08-01,0.8088235294117646,1987-08-01,1987-09-01
1987,9,28.36,26.59,1.77,1987-09-01,0.8109243697478992,1987-09-01,1987-10-01
1987,10,27.95,26.54,1.42,1987-10-01,0.7373949579831932,1987-10-01,1987-11-01
1987,11,27.77,26.5,1.27,1987-11-01,0.7058823529411764,1987-11-01,1987-12-01
1987,12,27.54,26.47,1.07,1987-12-01,0.6638655462184875,1987-12-01,1988-01-01
1988,1,27.45,26.46,0.99,1988-01-01,0.6470588235294118,1988-01-01,1988-02-01
1988,2,27.04,26.66,0.37,1988-02-01,0.5168067226890757,1988-02-01,1988-03-01
1988,3,27.39,27.14,0.25,1988-03-01,0.49159663865546216,1988-03-01,1988-04-01
1988,4,27.38,27.58,-0.19,1988-04-01,0.3991596638655462,1988-04-01,1988-05-01
1988,5,26.68,27.68,-1,1988-05-01,0.22899159663865543,1988-05-01,1988-06-01
1988,6,25.99,27.43,-1.44,1988-06-01,0.13655462184873948,1988-06-01,1988-07-01
1988,7,25.56,27.01,-1.45,1988-07-01,0.13445378151260504,1988-07-01,1988-08-01
1988,8,25.67,26.66,-0.99,1988-08-01,0.2310924369747899,1988-08-01,1988-09-01
1988,9,25.72,26.59,-0.87,1988-09-01,0.25630252100840334,1988-09-01,1988-10-01
1988,10,24.82,26.54,-1.71,1988-10-01,0.07983193277310922,1988-10-01,1988-11-01
1988,11,24.66,26.5,-1.85,1988-11-01,0.050420168067226843,1988-11-01,1988-12-01
1988,12,24.64,26.47,-1.83,1988-12-01,0.05462184873949576,1988-12-01,1989-01-01
1989,1,24.59,26.46,-1.87,1989-01-01,0.04621848739495793,1989-01-01,1989-02-01
1989,2,25.29,26.66,-1.37,1989-02-01,0.15126050420168063,1989-02-01,1989-03-01
1989,3,26.09,27.14,-1.05,1989-03-01,0.21848739495798317,1989-03-01,1989-04-01
1989,4,26.75,27.58,-0.82,1989-04-01,0.2668067226890756,1989-04-01,1989-05-01
1989,5,27.07,27.68,-0.61,1989-05-01,0.31092436974789917,1989-05-01,1989-06-01
1989,6,27.14,27.43,-0.29,1989-06-01,0.37815126050420167,1989-06-01,1989-07-01
1989,7,26.71,27.01,-0.3,1989-07-01,0.37605042016806717,1989-07-01,1989-08-01
1989,8,26.32,26.66,-0.33,1989-08-01,0.36974789915966383,1989-08-01,1989-09-01
1989,9,26.41,26.59,-0.18,1989-09-01,0.40126050420168063,1989-09-01,1989-10-01
1989,10,26.32,26.54,-0.22,1989-10-01,0.39285714285714285,1989-10-01,1989-11-01
1989,11,26.25,26.5,-0.25,1989-11-01,0.38655462184873945,1989-11-01,1989-12-01
1989,12,26.46,26.47,-0.01,1989-12-01,0.4369747899159664,1989-12-01,1990-01-01
1990,1,26.56,26.46,0.11,1990-01-01,0.4621848739495798,1990-01-01,1990-02-01
1990,2,26.98,26.66,0.31,1990-02-01,0.5042016806722689,1990-02-01,1990-03-01
1990,3,27.34,27.14,0.2,1990-03-01,0.48109243697478993,1990-03-01,1990-04-01
1990,4,27.9,27.58,0.33,1990-04-01,0.5084033613445378,1990-04-01,1990-05-01
1990,5,28.02,27.68,0.34,1990-05-01,0.5105042016806722,1990-05-01,1990-06-01
1990,6,27.65,27.43,0.21,1990-06-01,0.4831932773109243,1990-06-01,1990-07-01
1990,7,27.38,27.01,0.37,1990-07-01,0.5168067226890757,1990-07-01,1990-08-01
1990,8,27.07,26.66,0.42,1990-08-01,0.5273109243697479,1990-08-01,1990-09-01
1990,9,26.94,26.59,0.35,1990-09-01,0.5126050420168067,1990-09-01,1990-10-01
1990,10,26.93,26.54,0.4,1990-10-01,0.5231092436974789,1990-10-01,1990-11-01
1990,11,26.81,26.5,0.31,1990-11-01,0.5042016806722689,1990-11-01,1990-12-01
1990,12,26.96,26.47,0.48,1990-12-01,0.5399159663865546,1990-12-01,1991-01-01
1991,1,27.04,26.59,0.45,1991-01-01,0.5336134453781513,1991-01-01,1991-02-01
1991,2,27.08,26.79,0.29,1991-02-01,0.5,1991-02-01,1991-03-01
1991,3,27.33,27.28,0.05,1991-03-01,0.44957983193277307,1991-03-01,1991-04-01
1991,4,28.02,27.7,0.32,1991-04-01,0.5063025210084033,1991-04-01,1991-05-01
1991,5,28.2,27.8,0.4,1991-05-01,0.5231092436974789,1991-05-01,1991-06-01
1991,6,28.25,27.6,0.65,1991-06-01,0.5756302521008403,1991-06-01,1991-07-01
1991,7,28.05,27.19,0.86,1991-07-01,0.6197478991596638,1991-07-01,1991-08-01
1991,8,27.53,26.84,0.69,1991-08-01,0.5840336134453781,1991-08-01,1991-09-01
1991,9,27.14,26.78,0.36,1991-09-01,0.5147058823529411,1991-09-01,1991-10-01
1991,10,27.58,26.76,0.82,1991-10-01,0.611344537815126,1991-10-01,1991-11-01
1991,11,27.89,26.7,1.19,1991-11-01,0.6890756302521008,1991-11-01,1991-12-01
1991,12,28.28,26.66,1.62,1991-12-01,0.7794117647058824,1991-12-01,1992-01-01
1992,1,28.37,26.59,1.78,1992-01-01,0.8130252100840336,1992-01-01,1992-02-01
1992,2,28.53,26.79,1.74,1992-02-01,0.8046218487394958,1992-02-01,1992-03-01
1992,3,28.66,27.28,1.38,1992-03-01,0.7289915966386554,1992-03-01,1992-04-01
1992,4,29.02,27.7,1.32,1992-04-01,0.7163865546218487,1992-04-01,1992-05-01
1992,5,28.97,27.8,1.16,1992-05-01,0.6827731092436975,1992-05-01,1992-06-01
1992,6,28.3,27.6,0.7,1992-06-01,0.5861344537815126,1992-06-01,1992-07-01
1992,7,27.51,27.19,0.33,1992-07-01,0.5084033613445378,1992-07-01,1992-08-01
1992,8,26.91,26.84,0.07,1992-08-01,0.45378151260504196,1992-08-01,1992-09-01
1992,9,26.66,26.78,-0.13,1992-09-01,0.4117647058823529,1992-09-01,1992-10-01
1992,10,26.42,26.76,-0.34,1992-10-01,0.3676470588235294,1992-10-01,1992-11-01
1992,11,26.42,26.7,-0.28,1992-11-01,0.3802521008403361,1992-11-01,1992-12-01
1992,12,26.45,26.66,-0.21,1992-12-01,0.3949579831932773,1992-12-01,1993-01-01
1993,1,26.7,26.59,0.1,1993-01-01,0.46008403361344535,1993-01-01,1993-02-01
1993,2,27.17,26.79,0.38,1993-02-01,0.51890756302521,1993-02-01,1993-03-01
1993,3,27.68,27.28,0.4,1993-03-01,0.5231092436974789,1993-03-01,1993-04-01
1993,4,28.41,27.7,0.71,1993-04-01,0.5882352941176471,1993-04-01,1993-05-01
1993,5,28.71,27.8,0.91,1993-05-01,0.6302521008403361,1993-05-01,1993-06-01
1993,6,28.08,27.6,0.48,1993-06-01,0.5399159663865546,1993-06-01,1993-07-01
1993,7,27.52,27.19,0.33,1993-07-01,0.5084033613445378,1993-07-01,1993-08-01
1993,8,26.99,26.84,0.15,1993-08-01,0.4705882352941176,1993-08-01,1993-09-01
1993,9,27.07,26.78,0.29,1993-09-01,0.5,1993-09-01,1993-10-01
1993,10,26.78,26.76,0.02,1993-10-01,0.4432773109243697,1993-10-01,1993-11-01
1993,11,26.71,26.7,0.01,1993-11-01,0.4411764705882352,1993-11-01,1993-12-01
1993,12,26.76,26.66,0.1,1993-12-01,0.46008403361344535,1993-12-01,1994-01-01
1994,1,26.65,26.59,0.06,1994-01-01,0.45168067226890757,1994-01-01,1994-02-01
1994,2,26.82,26.79,0.03,1994-02-01,0.4453781512605041,1994-02-01,1994-03-01
1994,3,27.39,27.28,0.11,1994-03-01,0.4621848739495798,1994-03-01,1994-04-01
1994,4,28.08,27.7,0.38,1994-04-01,0.51890756302521,1994-04-01,1994-05-01
1994,5,28.24,27.8,0.43,1994-05-01,0.5294117647058824,1994-05-01,1994-06-01
1994,6,28.04,27.6,0.44,1994-06-01,0.5315126050420168,1994-06-01,1994-07-01
1994,7,27.54,27.19,0.35,1994-07-01,0.5126050420168067,1994-07-01,1994-08-01
1994,8,27.38,26.84,0.54,1994-08-01,0.5525210084033614,1994-08-01,1994-09-01
1994,9,27.19,26.78,0.41,1994-09-01,0.5252100840336135,1994-09-01,1994-10-01
1994,10,27.47,26.76,0.71,1994-10-01,0.5882352941176471,1994-10-01,1994-11-01
1994,11,27.81,26.7,1.11,1994-11-01,0.6722689075630253,1994-11-01,1994-12-01
1994,12,27.85,26.66,1.19,1994-12-01,0.6890756302521008,1994-12-01,1995-01-01
1995,1,27.57,26.59,0.98,1995-01-01,0.6449579831932772,1995-01-01,1995-02-01
1995,2,27.49,26.79,0.71,1995-02-01,0.5882352941176471,1995-02-01,1995-03-01
1995,3,27.76,27.28,0.48,1995-03-01,0.5399159663865546,1995-03-01,1995-04-01
1995,4,28.11,27.7,0.41,1995-04-01,0.5252100840336135,1995-04-01,1995-05-01
1995,5,27.83,27.8,0.02,1995-05-01,0.4432773109243697,1995-05-01,1995-06-01
1995,6,27.59,27.6,-0.01,1995-06-01,0.4369747899159664,1995-06-01,1995-07-01
1995,7,27.08,27.19,-0.11,1995-07-01,0.4159663865546218,1995-07-01,1995-08-01
1995,8,26.23,26.84,-0.61,1995-08-01,0.31092436974789917,1995-08-01,1995-09-01
1995,9,25.88,26.78,-0.9,1995-09-01,0.25,1995-09-01,1995-10-01
1995,10,25.84,26.76,-0.92,1995-10-01,0.24579831932773108,1995-10-01,1995-11-01
1995,11,25.61,26.7,-1.1,1995-11-01,0.20798319327731088,1995-11-01,1995-12-01
1995,12,25.66,26.66,-1,1995-12-01,0.22899159663865543,1995-12-01,1996-01-01
1996,1,25.7,26.56,-0.86,1996-01-01,0.25840336134453784,1996-01-01,1996-02-01
1996,2,25.91,26.75,-0.85,1996-02-01,0.26050420168067223,1996-02-01,1996-03-01
1996,3,26.69,27.24,-0.56,1996-03-01,0.3214285714285714,1996-03-01,1996-04-01
1996,4,27.36,27.72,-0.36,1996-04-01,0.3634453781512605,1996-04-01,1996-05-01
1996,5,27.55,27.81,-0.26,1996-05-01,0.384453781512605,1996-05-01,1996-06-01
1996,6,27.29,27.59,-0.3,1996-06-01,0.37605042016806717,1996-06-01,1996-07-01
1996,7,26.85,27.18,-0.32,1996-07-01,0.3718487394957983,1996-07-01,1996-08-01
1996,8,26.64,26.83,-0.2,1996-08-01,0.39705882352941174,1996-08-01,1996-09-01
1996,9,26.27,26.73,-0.45,1996-09-01,0.3445378151260504,1996-09-01,1996-10-01
1996,10,26.27,26.67,-0.4,1996-10-01,0.3550420168067227,1996-10-01,1996-11-01
1996,11,26.29,26.63,-0.34,1996-11-01,0.3676470588235294,1996-11-01,1996-12-01
1996,12,25.96,26.56,-0.61,1996-12-01,0.31092436974789917,1996-12-01,1997-01-01
1997,1,26.02,26.56,-0.54,1997-01-01,0.3256302521008403,1997-01-01,1997-02-01
1997,2,26.39,26.75,-0.36,1997-02-01,0.3634453781512605,1997-02-01,1997-03-01
1997,3,27.05,27.24,-0.2,1997-03-01,0.39705882352941174,1997-03-01,1997-04-01
1997,4,27.99,27.72,0.27,1997-04-01,0.49579831932773105,1997-04-01,1997-05-01
1997,5,28.58,27.81,0.76,1997-05-01,0.5987394957983193,1997-05-01,1997-06-01
1997,6,28.81,27.59,1.22,1997-06-01,0.6953781512605042,1997-06-01,1997-07-01
1997,7,28.85,27.18,1.67,1997-07-01,0.7899159663865546,1997-07-01,1997-08-01
1997,8,28.74,26.83,1.91,1997-08-01,0.8403361344537815,1997-08-01,1997-09-01
1997,9,28.84,26.73,2.12,1997-09-01,0.884453781512605,1997-09-01,1997-10-01
1997,10,29.07,26.67,2.4,1997-10-01,0.9432773109243698,1997-10-01,1997-11-01
1997,11,29.11,26.63,2.48,1997-11-01,0.9600840336134454,1997-11-01,1997-12-01
1997,12,28.89,26.56,2.32,1997-12-01,0.9264705882352942,1997-12-01,1998-01-01
1998,1,28.93,26.56,2.37,1998-01-01,0.9369747899159664,1998-01-01,1998-02-01
1998,2,28.79,26.75,2.03,1998-02-01,0.8655462184873948,1998-02-01,1998-03-01
1998,3,28.63,27.24,1.38,1998-03-01,0.7289915966386554,1998-03-01,1998-04-01
1998,4,28.61,27.72,0.9,1998-04-01,0.6281512605042017,1998-04-01,1998-05-01
1998,5,28.52,27.81,0.7,1998-05-01,0.5861344537815126,1998-05-01,1998-06-01
1998,6,27.35,27.59,-0.24,1998-06-01,0.3886554621848739,1998-06-01,1998-07-01
1998,7,26.32,27.18,-0.86,1998-07-01,0.25840336134453784,1998-07-01,1998-08-01
1998,8,25.59,26.83,-1.25,1998-08-01,0.1764705882352941,1998-08-01,1998-09-01
1998,9,25.47,26.73,-1.26,1998-09-01,0.17436974789915963,1998-09-01,1998-10-01
1998,10,25.26,26.67,-1.41,1998-10-01,0.14285714285714285,1998-10-01,1998-11-01
1998,11,25.25,26.63,-1.38,1998-11-01,0.14915966386554622,1998-11-01,1998-12-01
1998,12,24.92,26.56,-1.64,1998-12-01,0.09453781512605042,1998-12-01,1999-01-01
1999,1,24.87,26.56,-1.69,1999-01-01,0.08403361344537813,1999-01-01,1999-02-01
1999,2,25.44,26.75,-1.31,1999-02-01,0.16386554621848737,1999-02-01,1999-03-01
1999,3,26.34,27.24,-0.9,1999-03-01,0.25,1999-03-01,1999-04-01
1999,4,26.71,27.72,-1,1999-04-01,0.22899159663865543,1999-04-01,1999-05-01
1999,5,26.79,27.81,-1.02,1999-05-01,0.22478991596638653,1999-05-01,1999-06-01
1999,6,26.54,27.59,-1.05,1999-06-01,0.21848739495798317,1999-06-01,1999-07-01
1999,7,26.13,27.18,-1.05,1999-07-01,0.21848739495798317,1999-07-01,1999-08-01
1999,8,25.64,26.83,-1.19,1999-08-01,0.18907563025210083,1999-08-01,1999-09-01
1999,9,25.63,26.73,-1.09,1999-09-01,0.21008403361344533,1999-09-01,1999-10-01
1999,10,25.48,26.67,-1.19,1999-10-01,0.18907563025210083,1999-10-01,1999-11-01
1999,11,25.13,26.63,-1.5,1999-11-01,0.12394957983193275,1999-11-01,1999-12-01
1999,12,24.87,26.56,-1.7,1999-12-01,0.08193277310924368,1999-12-01,2000-01-01
2000,1,24.79,26.56,-1.77,2000-01-01,0.06722689075630249,2000-01-01,2000-02-01
2000,2,25.23,26.75,-1.53,2000-02-01,0.11764705882352938,2000-02-01,2000-03-01
2000,3,26.31,27.24,-0.93,2000-03-01,0.24369747899159658,2000-03-01,2000-04-01
2000,4,26.96,27.72,-0.75,2000-04-01,0.2815126050420168,2000-04-01,2000-05-01
2000,5,27.08,27.81,-0.74,2000-05-01,0.28361344537815125,2000-05-01,2000-06-01
2000,6,26.95,27.59,-0.64,2000-06-01,0.30462184873949577,2000-06-01,2000-07-01
2000,7,26.63,27.18,-0.55,2000-07-01,0.32352941176470584,2000-07-01,2000-08-01
2000,8,26.37,26.83,-0.47,2000-08-01,0.34033613445378147,2000-08-01,2000-09-01
2000,9,26.2,26.73,-0.52,2000-09-01,0.32983193277310924,2000-09-01,2000-10-01
2000,10,26.02,26.67,-0.65,2000-10-01,0.3025210084033613,2000-10-01,2000-11-01
2000,11,25.92,26.63,-0.71,2000-11-01,0.2899159663865546,2000-11-01,2000-12-01
2000,12,25.69,26.56,-0.88,2000-12-01,0.2542016806722689,2000-12-01,2001-01-01
2001,1,25.82,26.45,-0.63,2001-01-01,0.3067226890756303,2001-01-01,2001-02-01
2001,2,26.14,26.66,-0.53,2001-02-01,0.32773109243697474,2001-02-01,2001-03-01
2001,3,26.82,27.21,-0.39,2001-03-01,0.3571428571428571,2001-03-01,2001-04-01
2001,4,27.34,27.73,-0.39,2001-04-01,0.3571428571428571,2001-04-01,2001-05-01
2001,5,27.6,27.85,-0.24,2001-05-01,0.3886554621848739,2001-05-01,2001-06-01
2001,6,27.54,27.65,-0.11,2001-06-01,0.4159663865546218,2001-06-01,2001-07-01
2001,7,27.25,27.26,-0.01,2001-07-01,0.4369747899159664,2001-07-01,2001-08-01
2001,8,26.8,26.91,-0.1,2001-08-01,0.41806722689075626,2001-08-01,2001-09-01
2001,9,26.52,26.8,-0.28,2001-09-01,0.3802521008403361,2001-09-01,2001-10-01
2001,10,26.57,26.75,-0.18,2001-10-01,0.40126050420168063,2001-10-01,2001-11-01
2001,11,26.34,26.75,-0.41,2001-11-01,0.3529411764705882,2001-11-01,2001-12-01
2001,12,26.2,26.65,-0.46,2001-12-01,0.34243697478991597,2001-12-01,2002-01-01
2002,1,26.4,26.45,-0.05,2002-01-01,0.4285714285714286,2002-01-01,2002-02-01
2002,2,26.72,26.66,0.06,2002-02-01,0.45168067226890757,2002-02-01,2002-03-01
2002,3,27.3,27.21,0.09,2002-03-01,0.45798319327731085,2002-03-01,2002-04-01
2002,4,27.85,27.73,0.12,2002-04-01,0.4642857142857143,2002-04-01,2002-05-01
2002,5,28.24,27.85,0.4,2002-05-01,0.5231092436974789,2002-05-01,2002-06-01
2002,6,28.44,27.65,0.79,2002-06-01,0.6050420168067226,2002-06-01,2002-07-01
2002,7,28.03,27.26,0.77,2002-07-01,0.6008403361344538,2002-07-01,2002-08-01
2002,8,27.72,26.91,0.81,2002-08-01,0.6092436974789915,2002-08-01,2002-09-01
2002,9,27.81,26.8,1.01,2002-09-01,0.6512605042016806,2002-09-01,2002-10-01
2002,10,27.96,26.75,1.2,2002-10-01,0.6911764705882353,2002-10-01,2002-11-01
2002,11,28.16,26.75,1.41,2002-11-01,0.7352941176470589,2002-11-01,2002-12-01
2002,12,27.97,26.65,1.31,2002-12-01,0.7142857142857143,2002-12-01,2003-01-01
2003,1,27.16,26.45,0.7,2003-01-01,0.5861344537815126,2003-01-01,2003-02-01
2003,2,27.4,26.66,0.74,2003-02-01,0.5945378151260504,2003-02-01,2003-03-01
2003,3,27.66,27.21,0.45,2003-03-01,0.5336134453781513,2003-03-01,2003-04-01
2003,4,27.69,27.73,-0.05,2003-04-01,0.4285714285714286,2003-04-01,2003-05-01
2003,5,27.32,27.85,-0.52,2003-05-01,0.32983193277310924,2003-05-01,2003-06-01
2003,6,27.44,27.65,-0.21,2003-06-01,0.3949579831932773,2003-06-01,2003-07-01
2003,7,27.5,27.26,0.24,2003-07-01,0.48949579831932777,2003-07-01,2003-08-01
2003,8,27.11,26.91,0.2,2003-08-01,0.48109243697478993,2003-08-01,2003-09-01
2003,9,26.98,26.8,0.19,2003-09-01,0.4789915966386554,2003-09-01,2003-10-01
2003,10,27.14,26.75,0.38,2003-10-01,0.51890756302521,2003-10-01,2003-11-01
2003,11,27.04,26.75,0.29,2003-11-01,0.5,2003-11-01,2003-12-01
2003,12,27.04,26.65,0.38,2003-12-01,0.51890756302521,2003-12-01,2004-01-01
2004,1,26.83,26.45,0.38,2004-01-01,0.51890756302521,2004-01-01,2004-02-01
2004,2,27,26.66,0.34,2004-02-01,0.5105042016806722,2004-02-01,2004-03-01
2004,3,27.41,27.21,0.21,2004-03-01,0.4831932773109243,2004-03-01,2004-04-01
2004,4,27.89,27.73,0.16,2004-04-01,0.4726890756302521,2004-04-01,2004-05-01
2004,5,27.99,27.85,0.14,2004-05-01,0.4684873949579832,2004-05-01,2004-06-01
2004,6,27.85,27.65,0.2,2004-06-01,0.48109243697478993,2004-06-01,2004-07-01
2004,7,27.77,27.26,0.51,2004-07-01,0.5462184873949579,2004-07-01,2004-08-01
2004,8,27.6,26.91,0.7,2004-08-01,0.5861344537815126,2004-08-01,2004-09-01
2004,9,27.52,26.8,0.72,2004-09-01,0.5903361344537814,2004-09-01,2004-10-01
2004,10,27.44,26.75,0.68,2004-10-01,0.5819327731092437,2004-10-01,2004-11-01
2004,11,27.36,26.75,0.61,2004-11-01,0.5672268907563025,2004-11-01,2004-12-01
2004,12,27.34,26.65,0.69,2004-12-01,0.5840336134453781,2004-12-01,2005-01-01
2005,1,27.21,26.45,0.76,2005-01-01,0.5987394957983193,2005-01-01,2005-02-01
2005,2,27.12,26.66,0.46,2005-02-01,0.5357142857142857,2005-02-01,2005-03-01
2005,3,27.74,27.21,0.53,2005-03-01,0.5504201680672269,2005-03-01,2005-04-01
2005,4,28.09,27.73,0.35,2005-04-01,0.5126050420168067,2005-04-01,2005-05-01
2005,5,28.24,27.85,0.39,2005-05-01,0.5210084033613446,2005-05-01,2005-06-01
2005,6,27.77,27.65,0.12,2005-06-01,0.4642857142857143,2005-06-01,2005-07-01
2005,7,27.07,27.26,-0.19,2005-07-01,0.3991596638655462,2005-07-01,2005-08-01
2005,8,26.8,26.91,-0.1,2005-08-01,0.41806722689075626,2005-08-01,2005-09-01
2005,9,26.68,26.8,-0.11,2005-09-01,0.4159663865546218,2005-09-01,2005-10-01
2005,10,26.65,26.75,-0.1,2005-10-01,0.41806722689075626,2005-10-01,2005-11-01
2005,11,26.11,26.75,-0.64,2005-11-01,0.30462184873949577,2005-11-01,2005-12-01
2005,12,25.68,26.65,-0.97,2005-12-01,0.2352941176470588,2005-12-01,2006-01-01
2006,1,25.64,26.45,-0.81,2006-01-01,0.2689075630252101,2006-01-01,2006-02-01
2006,2,26.09,26.66,-0.57,2006-02-01,0.319327731092437,2006-02-01,2006-03-01
2006,3,26.58,27.21,-0.62,2006-03-01,0.30882352941176466,2006-03-01,2006-04-01
2006,4,27.51,27.73,-0.22,2006-04-01,0.39285714285714285,2006-04-01,2006-05-01
2006,5,27.85,27.85,0,2006-05-01,0.43907563025210083,2006-05-01,2006-06-01
2006,6,27.73,27.65,0.08,2006-06-01,0.45588235294117646,2006-06-01,2006-07-01
2006,7,27.3,27.26,0.04,2006-07-01,0.4474789915966386,2006-07-01,2006-08-01
2006,8,27.16,26.91,0.25,2006-08-01,0.49159663865546216,2006-08-01,2006-09-01
2006,9,27.32,26.8,0.52,2006-09-01,0.5483193277310924,2006-09-01,2006-10-01
2006,10,27.42,26.75,0.66,2006-10-01,0.5777310924369748,2006-10-01,2006-11-01
2006,11,27.7,26.75,0.95,2006-11-01,0.638655462184874,2006-11-01,2006-12-01
2006,12,27.74,26.65,1.09,2006-12-01,0.6680672268907563,2006-12-01,2007-01-01
2007,1,27.25,26.45,0.8,2007-01-01,0.6071428571428571,2007-01-01,2007-02-01
2007,2,26.9,26.66,0.23,2007-02-01,0.48739495798319327,2007-02-01,2007-03-01
2007,3,27.12,27.21,-0.09,2007-03-01,0.4201680672268907,2007-03-01,2007-04-01
2007,4,27.51,27.73,-0.22,2007-04-01,0.39285714285714285,2007-04-01,2007-05-01
2007,5,27.46,27.85,-0.38,2007-05-01,0.3592436974789916,2007-05-01,2007-06-01
2007,6,27.37,27.65,-0.28,2007-06-01,0.3802521008403361,2007-06-01,2007-07-01
2007,7,26.7,27.26,-0.55,2007-07-01,0.32352941176470584,2007-07-01,2007-08-01
2007,8,26.13,26.91,-0.77,2007-08-01,0.27731092436974786,2007-08-01,2007-09-01
2007,9,25.61,26.8,-1.19,2007-09-01,0.18907563025210083,2007-09-01,2007-10-01
2007,10,25.33,26.75,-1.43,2007-10-01,0.13865546218487393,2007-10-01,2007-11-01
2007,11,25.17,26.75,-1.58,2007-11-01,0.1071428571428571,2007-11-01,2007-12-01
2007,12,25.02,26.65,-1.63,2007-12-01,0.09663865546218486,2007-12-01,2008-01-01
2008,1,24.87,26.45,-1.58,2008-01-01,0.1071428571428571,2008-01-01,2008-02-01
2008,2,25.1,26.66,-1.56,2008-02-01,0.11134453781512602,2008-02-01,2008-03-01
2008,3,26.09,27.21,-1.12,2008-03-01,0.20378151260504196,2008-03-01,2008-04-01
2008,4,26.84,27.73,-0.9,2008-04-01,0.25,2008-04-01,2008-05-01
2008,5,27.09,27.85,-0.75,2008-05-01,0.2815126050420168,2008-05-01,2008-06-01
2008,6,27.04,27.65,-0.61,2008-06-01,0.31092436974789917,2008-06-01,2008-07-01
2008,7,26.99,27.26,-0.27,2008-07-01,0.38235294117647056,2008-07-01,2008-08-01
2008,8,26.72,26.91,-0.18,2008-08-01,0.40126050420168063,2008-08-01,2008-09-01
2008,9,26.47,26.8,-0.33,2008-09-01,0.36974789915966383,2008-09-01,2008-10-01
2008,10,26.37,26.75,-0.39,2008-10-01,0.3571428571428571,2008-10-01,2008-11-01
2008,11,26.25,26.75,-0.5,2008-11-01,0.33403361344537813,2008-11-01,2008-12-01
2008,12,25.74,26.65,-0.91,2008-12-01,0.2478991596638655,2008-12-01,2009-01-01
2009,1,25.67,26.45,-0.79,2009-01-01,0.27310924369747897,2009-01-01,2009-02-01
2009,2,25.97,26.66,-0.69,2009-02-01,0.29411764705882354,2009-02-01,2009-03-01
2009,3,26.6,27.21,-0.61,2009-03-01,0.31092436974789917,2009-03-01,2009-04-01
2009,4,27.48,27.73,-0.26,2009-04-01,0.384453781512605,2009-04-01,2009-05-01
2009,5,27.99,27.85,0.15,2009-05-01,0.4705882352941176,2009-05-01,2009-06-01
2009,6,28.04,27.65,0.39,2009-06-01,0.5210084033613446,2009-06-01,2009-07-01
2009,7,27.77,27.26,0.52,2009-07-01,0.5483193277310924,2009-07-01,2009-08-01
2009,8,27.42,26.91,0.51,2009-08-01,0.5462184873949579,2009-08-01,2009-09-01
2009,9,27.4,26.8,0.6,2009-09-01,0.5651260504201681,2009-09-01,2009-10-01
2009,10,27.61,26.75,0.85,2009-10-01,0.6176470588235294,2009-10-01,2009-11-01
2009,11,28.15,26.75,1.4,2009-11-01,0.7331932773109243,2009-11-01,2009-12-01
2009,12,28.33,26.65,1.68,2009-12-01,0.792016806722689,2009-12-01,2010-01-01
2010,1,28.06,26.45,1.61,2010-01-01,0.7773109243697479,2010-01-01,2010-02-01
2010,2,28.01,26.66,1.35,2010-02-01,0.7226890756302521,2010-02-01,2010-03-01
2010,3,28.19,27.21,0.98,2010-03-01,0.6449579831932772,2010-03-01,2010-04-01
2010,4,28.21,27.73,0.48,2010-04-01,0.5399159663865546,2010-04-01,2010-05-01
2010,5,27.72,27.85,-0.13,2010-05-01,0.4117647058823529,2010-05-01,2010-06-01
2010,6,27.04,27.65,-0.61,2010-06-01,0.31092436974789917,2010-06-01,2010-07-01
2010,7,26.22,27.26,-1.04,2010-07-01,0.2205882352941176,2010-07-01,2010-08-01
2010,8,25.47,26.91,-1.44,2010-08-01,0.13655462184873948,2010-08-01,2010-09-01
2010,9,25.12,26.8,-1.67,2010-09-01,0.08823529411764705,2010-09-01,2010-10-01
2010,10,25.03,26.75,-1.73,2010-10-01,0.07563025210084032,2010-10-01,2010-11-01
2010,11,25.06,26.75,-1.69,2010-11-01,0.08403361344537813,2010-11-01,2010-12-01
2010,12,25,26.65,-1.65,2010-12-01,0.09243697478991596,2010-12-01,2011-01-01
2011,1,25.01,26.45,-1.44,2011-01-01,0.13655462184873948,2011-01-01,2011-02-01
2011,2,25.66,26.66,-1,2011-02-01,0.22899159663865543,2011-02-01,2011-03-01
2011,3,26.38,27.21,-0.83,2011-03-01,0.2647058823529411,2011-03-01,2011-04-01
2011,4,27.07,27.73,-0.67,2011-04-01,0.29831932773109243,2011-04-01,2011-05-01
2011,5,27.41,27.85,-0.43,2011-05-01,0.3487394957983193,2011-05-01,2011-06-01
2011,6,27.35,27.65,-0.3,2011-06-01,0.37605042016806717,2011-06-01,2011-07-01
2011,7,26.87,27.26,-0.39,2011-07-01,0.3571428571428571,2011-07-01,2011-08-01
2011,8,26.21,26.91,-0.7,2011-08-01,0.29201680672268904,2011-08-01,2011-09-01
2011,9,25.92,26.8,-0.88,2011-09-01,0.2542016806722689,2011-09-01,2011-10-01
2011,10,25.67,26.75,-1.09,2011-10-01,0.21008403361344533,2011-10-01,2011-11-01
2011,11,25.52,26.75,-1.23,2011-11-01,0.180672268907563,2011-11-01,2011-12-01
2011,12,25.55,26.65,-1.11,2011-12-01,0.20588235294117643,2011-12-01,2012-01-01
2012,1,25.68,26.45,-0.77,2012-01-01,0.27731092436974786,2012-01-01,2012-02-01
2012,2,26.1,26.66,-0.57,2012-02-01,0.319327731092437,2012-02-01,2012-03-01
2012,3,26.69,27.21,-0.52,2012-03-01,0.32983193277310924,2012-03-01,2012-04-01
2012,4,27.33,27.73,-0.4,2012-04-01,0.3550420168067227,2012-04-01,2012-05-01
2012,5,27.62,27.85,-0.23,2012-05-01,0.3907563025210084,2012-05-01,2012-06-01
2012,6,27.75,27.65,0.1,2012-06-01,0.46008403361344535,2012-06-01,2012-07-01
2012,7,27.54,27.26,0.28,2012-07-01,0.49789915966386555,2012-07-01,2012-08-01
2012,8,27.32,26.91,0.41,2012-08-01,0.5252100840336135,2012-08-01,2012-09-01
2012,9,27.1,26.8,0.3,2012-09-01,0.5021008403361344,2012-09-01,2012-10-01
2012,10,26.98,26.75,0.22,2012-10-01,0.4852941176470588,2012-10-01,2012-11-01
2012,11,26.86,26.75,0.11,2012-11-01,0.4621848739495798,2012-11-01,2012-12-01
2012,12,26.35,26.65,-0.3,2012-12-01,0.37605042016806717,2012-12-01,2013-01-01
2013,1,26.02,26.45,-0.43,2013-01-01,0.3487394957983193,2013-01-01,2013-02-01
2013,2,26.25,26.66,-0.41,2013-02-01,0.3529411764705882,2013-02-01,2013-03-01
2013,3,27.04,27.21,-0.16,2013-03-01,0.4054621848739496,2013-03-01,2013-04-01
2013,4,27.58,27.73,-0.15,2013-04-01,0.40756302521008403,2013-04-01,2013-05-01
2013,5,27.53,27.85,-0.31,2013-05-01,0.3739495798319327,2013-05-01,2013-06-01
2013,6,27.3,27.65,-0.35,2013-06-01,0.36554621848739494,2013-06-01,2013-07-01
2013,7,26.9,27.26,-0.36,2013-07-01,0.3634453781512605,2013-07-01,2013-08-01
2013,8,26.47,26.91,-0.44,2013-08-01,0.34663865546218486,2013-08-01,2013-09-01
2013,9,26.53,26.8,-0.26,2013-09-01,0.384453781512605,2013-09-01,2013-10-01
2013,10,26.52,26.75,-0.24,2013-10-01,0.3886554621848739,2013-10-01,2013-11-01
2013,11,26.56,26.75,-0.19,2013-11-01,0.3991596638655462,2013-11-01,2013-12-01
2013,12,26.43,26.65,-0.22,2013-12-01,0.39285714285714285,2013-12-01,2014-01-01
2014,1,26.06,26.45,-0.39,2014-01-01,0.3571428571428571,2014-01-01,2014-02-01
2014,2,26.15,26.66,-0.51,2014-02-01,0.3319327731092437,2014-02-01,2014-03-01
2014,3,27.02,27.21,-0.19,2014-03-01,0.3991596638655462,2014-03-01,2014-04-01
2014,4,27.91,27.73,0.18,2014-04-01,0.47689075630252103,2014-04-01,2014-05-01
2014,5,28.26,27.85,0.41,2014-05-01,0.5252100840336135,2014-05-01,2014-06-01
2014,6,27.96,27.65,0.31,2014-06-01,0.5042016806722689,2014-06-01,2014-07-01
2014,7,27.23,27.26,-0.03,2014-07-01,0.4327731092436975,2014-07-01,2014-08-01
2014,8,26.83,26.91,-0.08,2014-08-01,0.42226890756302515,2014-08-01,2014-09-01
2014,9,27.01,26.8,0.21,2014-09-01,0.4831932773109243,2014-09-01,2014-10-01
2014,10,27.16,26.75,0.4,2014-10-01,0.5231092436974789,2014-10-01,2014-11-01
2014,11,27.46,26.75,0.71,2014-11-01,0.5882352941176471,2014-11-01,2014-12-01
2014,12,27.32,26.65,0.66,2014-12-01,0.5777310924369748,2014-12-01,2015-01-01
2015,1,27.06,26.45,0.61,2015-01-01,0.5672268907563025,2015-01-01,2015-02-01
2015,2,27.18,26.66,0.52,2015-02-01,0.5483193277310924,2015-02-01,2015-03-01
2015,3,27.77,27.21,0.56,2015-03-01,0.5567226890756303,2015-03-01,2015-04-01
2015,4,28.53,27.73,0.79,2015-04-01,0.6050420168067226,2015-04-01,2015-05-01
2015,5,28.85,27.85,1.01,2015-05-01,0.6512605042016806,2015-05-01,2015-06-01
2015,6,28.9,27.65,1.25,2015-06-01,0.7016806722689075,2015-06-01,2015-07-01
2015,7,28.75,27.26,1.49,2015-07-01,0.7521008403361344,2015-07-01,2015-08-01
2015,8,28.78,26.91,1.88,2015-08-01,0.8340336134453781,2015-08-01,2015-09-01
2015,9,28.92,26.8,2.12,2015-09-01,0.884453781512605,2015-09-01,2015-10-01
2015,10,29.07,26.75,2.32,2015-10-01,0.9264705882352942,2015-10-01,2015-11-01
2015,11,29.41,26.75,2.67,2015-11-01,1,2015-11-01,2015-12-01
2015,12,29.26,26.65,2.6,2015-12-01,0.9852941176470588,2015-12-01,2016-01-01
2016,1,29.11,26.45,2.66,2016-01-01,0.9978991596638656,2016-01-01,2016-02-01
2016,2,29,26.66,2.34,2016-02-01,0.9306722689075629,2016-02-01,2016-03-01
2016,3,28.9,27.21,1.7,2016-03-01,0.796218487394958,2016-03-01,2016-04-01
2016,4,28.73,27.73,0.99,2016-04-01,0.6470588235294118,2016-04-01,2016-05-01
2016,5,28.24,27.85,0.39,2016-05-01,0.5210084033613446,2016-05-01,2016-06-01
2016,6,27.7,27.65,0.05,2016-06-01,0.44957983193277307,2016-06-01,2016-07-01
2016,7,26.82,27.26,-0.44,2016-07-01,0.34663865546218486,2016-07-01,2016-08-01
2016,8,26.28,26.91,-0.63,2016-08-01,0.3067226890756303,2016-08-01,2016-09-01
2016,9,26.15,26.8,-0.65,2016-09-01,0.3025210084033613,2016-09-01,2016-10-01
2016,10,25.98,26.75,-0.78,2016-10-01,0.2752100840336134,2016-10-01,2016-11-01
2016,11,25.95,26.75,-0.8,2016-11-01,0.2710084033613445,2016-11-01,2016-12-01
2016,12,26.1,26.65,-0.55,2016-12-01,0.32352941176470584,2016-12-01,2017-01-01
2017,1,26.12,26.45,-0.33,2017-01-01,0.36974789915966383,2017-01-01,2017-02-01
2017,2,26.68,26.66,0.02,2017-02-01,0.4432773109243697,2017-02-01,2017-03-01
2017,3,27.33,27.21,0.12,2017-03-01,0.4642857142857143,2017-03-01,2017-04-01
2017,4,28.04,27.73,0.3,2017-04-01,0.5021008403361344,2017-04-01,2017-05-01
2017,5,28.3,27.85,0.45,2017-05-01,0.5336134453781513,2017-05-01,2017-06-01
2017,6,28.06,27.65,0.41,2017-06-01,0.5252100840336135,2017-06-01,2017-07-01
2017,7,27.54,27.26,0.28,2017-07-01,0.49789915966386555,2017-07-01,2017-08-01
2017,8,26.7,26.91,-0.21,2017-08-01,0.3949579831932773,2017-08-01,2017-09-01
2017,9,26.29,26.8,-0.51,2017-09-01,0.3319327731092437,2017-09-01,2017-10-01
2017,10,26.15,26.75,-0.6,2017-10-01,0.31302521008403356,2017-10-01,2017-11-01
2017,11,25.74,26.75,-1.01,2017-11-01,0.22689075630252098,2017-11-01,2017-12-01
2017,12,25.62,26.65,-1.04,2017-12-01,0.2205882352941176,2017-12-01,2018-01-01
2018,1,25.57,26.45,-0.88,2018-01-01,0.2542016806722689,2018-01-01,2018-02-01
2018,2,25.98,26.66,-0.68,2018-02-01,0.29621848739495793,2018-02-01,2018-03-01
2018,3,26.5,27.21,-0.71,2018-03-01,0.2899159663865546,2018-03-01,2018-04-01
2018,4,27.32,27.73,-0.41,2018-04-01,0.3529411764705882,2018-04-01,2018-05-01
2018,5,27.74,27.85,-0.11,2018-05-01,0.4159663865546218,2018-05-01,2018-06-01
2018,6,27.77,27.65,0.12,2018-06-01,0.4642857142857143,2018-06-01,2018-07-01
2018,7,27.42,27.26,0.16,2018-07-01,0.4726890756302521,2018-07-01,2018-08-01
2018,8,26.95,26.91,0.04,2018-08-01,0.4474789915966386,2018-08-01,2018-09-01
2018,9,27.19,26.8,0.39,2018-09-01,0.5210084033613446,2018-09-01,2018-10-01
2018,10,27.62,26.75,0.86,2018-10-01,0.6197478991596638,2018-10-01,2018-11-01
2018,11,27.61,26.75,0.86,2018-11-01,0.6197478991596638,2018-11-01,2018-12-01
2018,12,27.49,26.65,0.84,2018-12-01,0.6155462184873949,2018-12-01,2019-01-01
2019,1,27.21,26.45,0.76,2019-01-01,0.5987394957983193,2019-01-01,2019-02-01
2019,2,27.49,26.66,0.82,2019-02-01,0.611344537815126,2019-02-01,2019-03-01
2019,3,28.11,27.21,0.9,2019-03-01,0.6281512605042017,2019-03-01,2019-04-01
2019,4,28.46,27.73,0.72,2019-04-01,0.5903361344537814,2019-04-01,2019-05-01
2019,5,28.5,27.85,0.65,2019-05-01,0.5756302521008403,2019-05-01,2019-06-01
2019,6,28.19,27.65,0.54,2019-06-01,0.5525210084033614,2019-06-01,2019-07-01
2019,7,27.65,27.26,0.39,2019-07-01,0.5210084033613446,2019-07-01,2019-08-01
2019,8,26.91,26.91,0,2019-08-01,0.43907563025210083,2019-08-01,2019-09-01
2019,9,26.77,26.8,-0.03,2019-09-01,0.4327731092436975,2019-09-01,2019-10-01
2019,10,27.19,26.75,0.44,2019-10-01,0.5315126050420168,2019-10-01,2019-11-01
